participant_id,age,sex,lga,education,smoking,physical_activity,bmi,monthly_income,hypertension,systolic_bp,diastolic_bp,diabetes,medication_use
HUC-0001,49,Female,LGA 3,Secondary,Non-smoker,Low,21,178138,No,127,85,No,0
HUC-0002,28,Male,LGA 5,Secondary,Non-smoker,Moderate,29.3,30102,No,135,76,No,0
HUC-0003,44,Female,LGA 5,Secondary,Non-smoker,Low,29.1,20829,No,134,93,Yes,0
HUC-0004,41,Male,LGA 6,Tertiary,Non-smoker,Low,24.8,37613,No,138,75,No,0
HUC-0005,33,Male,LGA 4,Primary,Non-smoker,High,18.6,48355,No,140,73,No,0
HUC-0006,18,Female,LGA 3,Tertiary,Non-smoker,High,21.9,22073,No,138,71,No,0
HUC-0007,32,Female,LGA 6,Primary,Non-smoker,Moderate,28.8,21938,No,141,92,No,0
HUC-0008,29,Female,LGA 1,Secondary,Smoker,High,25.2,65372,No,140,81,No,0
HUC-0009,43,Female,LGA 1,Secondary,Non-smoker,Moderate,30.1,31312,No,144,83,No,0
HUC-0010,36,Female,LGA 2,Secondary,Non-smoker,Low,23.7,63196,No,128,84,No,0
HUC-0011,37,Female,LGA 2,Secondary,Non-smoker,High,25.2,41936,No,119,91,No,0
HUC-0012,33,Male,LGA 5,Primary,Non-smoker,Moderate,19.5,77155,No,116,77,No,0
HUC-0013,39,Female,LGA 1,Secondary,Non-smoker,Moderate,31.2,85755,No,137,91,No,0
HUC-0014,39,Male,LGA 5,Secondary,Non-smoker,Moderate,25.9,92876,No,139,89,Yes,0
HUC-0015,18,Male,LGA 2,Primary,Non-smoker,Low,26,34934,No,118,75,No,0
HUC-0016,60,Male,LGA 5,Secondary,Non-smoker,Moderate,18.6,176631,No,152,83,Yes,0
HUC-0017,50,Male,LGA 2,Secondary,Non-smoker,Low,28.6,22104,No,152,90,No,0
HUC-0018,45,Female,LGA 4,Secondary,Non-smoker,Moderate,18.7,65365,No,136,77,Yes,0
HUC-0019,32,Male,LGA 5,Secondary,Non-smoker,Low,38.9,35532,No,148,87,No,0
HUC-0020,51,Female,LGA 1,Primary,Non-smoker,Moderate,28.3,43332,No,150,83,No,0
HUC-0021,38,Male,LGA 3,None,Non-smoker,High,20.4,42186,No,145,76,No,0
HUC-0022,40,Female,LGA 3,None,Non-smoker,Moderate,24,126954,No,154,79,No,0
HUC-0023,24,Female,LGA 3,Primary,Non-smoker,Low,25.7,35216,No,117,65,No,0
HUC-0024,61,Female,LGA 1,None,Smoker,Moderate,26.3,87614,No,164,85,No,0
HUC-0025,43,Female,LGA 6,Secondary,Non-smoker,High,26.9,77773,No,135,76,Yes,0
HUC-0026,67,Male,LGA 6,Tertiary,Non-smoker,Low,25.8,181518,No,158,76,No,0
HUC-0027,65,Female,LGA 5,Secondary,Non-smoker,High,23.9,100975,No,150,71,Yes,0
HUC-0028,43,Male,LGA 4,Primary,Smoker,Moderate,27.3,16336,No,133,67,No,0
HUC-0029,50,Male,LGA 2,Primary,Non-smoker,Low,26.3,97597,Yes,137,69,Yes,0
HUC-0030,64,Female,LGA 1,Secondary,Non-smoker,Low,22.8,122377,No,137,82,No,0
HUC-0031,35,Male,LGA 1,None,Non-smoker,Low,24.9,35632,No,122,77,No,0
HUC-0032,44,Female,LGA 6,Secondary,Non-smoker,Moderate,26.4,94868,No,120,66,No,0
HUC-0033,39,Male,LGA 5,Tertiary,Non-smoker,Moderate,24.5,20028,No,134,75,No,0
HUC-0034,46,Male,LGA 4,Primary,Non-smoker,Moderate,22.8,47180,No,126,78,No,0
HUC-0035,44,Male,LGA 2,Secondary,Smoker,High,30.2,62658,No,147,78,Yes,0
HUC-0036,57,Female,LGA 2,Tertiary,Non-smoker,Moderate,26.9,77230,Yes,147,83,No,1
HUC-0037,50,Male,LGA 5,Primary,Non-smoker,Low,28.5,79230,No,143,88,No,0
HUC-0038,30,Female,LGA 2,Secondary,Non-smoker,High,28.7,104521,No,126,85,No,0
HUC-0039,50,Female,LGA 3,Secondary,Non-smoker,Moderate,31.3,40859,No,143,77,No,0
HUC-0040,31,Male,LGA 3,Tertiary,Smoker,Moderate,29.4,28234,No,135,89,No,0
HUC-0041,27,Male,LGA 5,Secondary,Non-smoker,Low,20,95249,No,129,85,No,0
HUC-0042,52,Male,LGA 6,Secondary,Non-smoker,Low,19.5,58438,No,127,78,No,0
HUC-0043,26,Female,LGA 3,Primary,Smoker,Low,24.9,35505,No,148,66,No,0
HUC-0044,46,Male,LGA 1,Tertiary,Smoker,Moderate,29.5,113478,Yes,139,79,Yes,0
HUC-0045,31,Male,LGA 2,None,Non-smoker,High,28.4,52621,No,127,74,No,0
HUC-0046,60,Male,LGA 1,None,Smoker,Low,31.5,84657,No,160,87,No,0
HUC-0047,51,Male,LGA 3,None,Smoker,Low,24.4,51710,No,140,76,No,0
HUC-0048,37,Female,LGA 3,Secondary,Non-smoker,Moderate,21.5,101408,No,130,72,No,0
HUC-0049,52,Female,LGA 4,Secondary,Non-smoker,Moderate,20.2,115233,No,154,72,No,0
HUC-0050,48,Female,LGA 4,Tertiary,Non-smoker,Moderate,32.3,40624,Yes,145,77,No,0
HUC-0051,27,Female,LGA 5,Tertiary,Non-smoker,Low,33.6,56794,No,136,74,No,0
HUC-0052,39,Female,LGA 1,Primary,Non-smoker,Moderate,22.1,99966,No,143,76,No,0
HUC-0053,30,Male,LGA 4,Tertiary,Non-smoker,High,22.9,91227,Yes,134,88,Yes,0
HUC-0054,48,Female,LGA 6,Tertiary,Non-smoker,Moderate,35.7,65469,No,147,90,No,0
HUC-0055,34,Male,LGA 1,Tertiary,Non-smoker,Moderate,21.8,50110,No,135,67,No,0
HUC-0056,39,Male,LGA 5,None,Non-smoker,High,21.8,94581,No,134,75,No,0
HUC-0057,26,Male,LGA 5,Tertiary,Non-smoker,Moderate,21,31673,No,132,80,No,0
HUC-0058,30,Female,LGA 3,None,Non-smoker,Moderate,20.3,30228,No,123,80,No,0
HUC-0059,44,Female,LGA 6,None,Non-smoker,Moderate,23.1,23998,No,133,75,Yes,0
HUC-0060,29,Male,LGA 3,Primary,Non-smoker,Low,33.7,96740,No,145,71,No,0
HUC-0061,40,Female,LGA 4,Secondary,Non-smoker,Moderate,23.9,182823,Yes,161,76,No,1
HUC-0062,44,Female,LGA 4,None,Non-smoker,High,18.4,76739,No,137,71,No,0
HUC-0063,39,Male,LGA 5,Tertiary,Non-smoker,Moderate,28.3,133737,No,145,88,No,0
HUC-0064,38,Female,LGA 6,Secondary,Non-smoker,Low,17,106686,No,131,68,No,0
HUC-0065,19,Female,LGA 5,Secondary,Non-smoker,Moderate,22.6,37446,No,106,69,No,0
HUC-0066,38,Female,LGA 4,Tertiary,Non-smoker,Moderate,31.4,65467,No,129,80,No,0
HUC-0067,19,Male,LGA 4,Secondary,Non-smoker,High,25.1,29276,No,130,67,No,0
HUC-0068,57,Male,LGA 6,Primary,Non-smoker,Low,15,106375,No,138,87,No,0
HUC-0069,29,Female,LGA 3,Tertiary,Non-smoker,High,31.8,100224,No,139,69,Yes,0
HUC-0070,44,Female,LGA 3,Tertiary,Non-smoker,High,19.3,73562,No,129,70,No,0
HUC-0071,49,Male,LGA 3,None,Non-smoker,Moderate,25.2,55311,No,157,82,No,0
HUC-0072,42,Male,LGA 5,Secondary,Non-smoker,Moderate,27.6,77649,No,147,78,Yes,0
HUC-0073,60,Female,LGA 2,Tertiary,Non-smoker,Low,19.4,24654,Yes,148,71,Yes,1
HUC-0074,31,Male,LGA 2,None,Non-smoker,Moderate,22.3,71724,No,115,66,No,0
HUC-0075,48,Female,LGA 5,Tertiary,Smoker,Moderate,25.2,223364,No,139,73,Yes,0
HUC-0076,29,Female,LGA 5,Secondary,Smoker,Moderate,23.9,37573,No,148,71,No,0
HUC-0077,70,Male,LGA 5,Secondary,Non-smoker,Low,27.3,22849,No,156,86,No,0
HUC-0078,51,Female,LGA 1,Tertiary,Non-smoker,Moderate,25.9,38775,No,141,84,No,0
HUC-0079,38,Female,LGA 5,Primary,Non-smoker,High,19.2,113212,No,128,77,No,0
HUC-0080,52,Male,LGA 6,Secondary,Non-smoker,Moderate,20,66173,Yes,137,86,No,1
HUC-0081,27,Female,LGA 6,Secondary,Smoker,Moderate,23.5,35038,No,124,76,No,0
HUC-0082,62,Female,LGA 4,Primary,Non-smoker,High,26.9,31075,No,151,80,No,0
HUC-0083,27,Female,LGA 5,Primary,Non-smoker,Moderate,33,41817,No,120,73,No,0
HUC-0084,22,Female,LGA 5,None,Non-smoker,Moderate,33.2,131428,No,133,64,No,0
HUC-0085,41,Male,LGA 2,None,Non-smoker,Low,25.9,84656,No,138,84,No,0
HUC-0086,53,Male,LGA 4,Primary,Non-smoker,Low,17.3,36684,No,150,82,No,0
HUC-0087,42,Female,LGA 1,None,Non-smoker,Moderate,29.8,105378,No,144,89,Yes,0
HUC-0088,32,Female,LGA 3,Tertiary,Smoker,Low,31,37803,No,131,65,No,0
HUC-0089,57,Male,LGA 3,Primary,Non-smoker,Low,24.2,49555,No,153,90,No,0
HUC-0090,73,Male,LGA 6,Secondary,Non-smoker,High,27.3,96892,No,148,85,No,0
HUC-0091,18,Male,LGA 2,Primary,Non-smoker,High,22.4,103186,No,120,79,No,0
HUC-0092,61,Female,LGA 6,Secondary,Non-smoker,Moderate,25.7,15784,No,141,85,No,0
HUC-0093,36,Female,LGA 2,Secondary,Non-smoker,Moderate,27.4,147832,No,136,67,No,0
HUC-0094,55,Male,LGA 6,Secondary,Non-smoker,High,29.8,86078,Yes,150,78,No,0
HUC-0095,18,Female,LGA 1,Secondary,Non-smoker,Low,28.4,53970,No,126,64,No,0
HUC-0096,39,Male,LGA 4,Tertiary,Non-smoker,Moderate,27.6,31344,No,131,77,No,0
HUC-0097,30,Female,LGA 6,Tertiary,Non-smoker,Low,20.3,48667,No,129,64,No,0
HUC-0098,36,Male,LGA 2,Secondary,Non-smoker,Moderate,32.1,51382,No,146,73,No,0
HUC-0099,28,Male,LGA 4,Secondary,Non-smoker,Low,15.4,33201,No,128,70,No,0
HUC-0100,47,Male,LGA 1,Primary,Non-smoker,Moderate,22,67446,No,140,73,No,0
HUC-0101,58,Female,LGA 1,Primary,Non-smoker,Low,31.2,110341,No,167,87,Yes,0
HUC-0102,36,Male,LGA 2,Tertiary,Non-smoker,Low,22.8,108116,No,145,93,No,0
HUC-0103,39,Male,LGA 5,Tertiary,Smoker,Moderate,24.2,27622,No,148,83,No,0
HUC-0104,28,Female,LGA 6,Secondary,Smoker,Moderate,36.6,48828,No,135,68,Yes,0
HUC-0105,55,Female,LGA 6,None,Non-smoker,Moderate,30.3,28249,No,139,96,No,0
HUC-0106,49,Female,LGA 5,Secondary,Smoker,Moderate,19.7,74890,Yes,165,68,No,0
HUC-0107,22,Female,LGA 5,None,Non-smoker,High,23.8,62978,No,112,64,No,0
HUC-0108,61,Male,LGA 2,None,Non-smoker,Moderate,22,134716,No,153,87,No,0
HUC-0109,27,Female,LGA 5,Tertiary,Non-smoker,Moderate,26.4,33903,No,153,84,No,0
HUC-0110,28,Female,LGA 5,Primary,Non-smoker,Low,19.9,24021,No,119,76,No,0
HUC-0111,23,Female,LGA 4,Secondary,Non-smoker,Moderate,24.7,38455,No,138,75,No,0
HUC-0112,26,Male,LGA 1,Secondary,Smoker,High,32.4,98874,Yes,133,84,No,1
HUC-0113,37,Male,LGA 2,Tertiary,Smoker,Moderate,29,76743,No,138,82,No,0
HUC-0114,49,Female,LGA 2,Secondary,Non-smoker,High,28.3,122991,Yes,140,86,Yes,1
HUC-0115,33,Male,LGA 6,Secondary,Non-smoker,Low,23.5,47224,No,133,84,No,0
HUC-0116,39,Male,LGA 2,Primary,Non-smoker,Moderate,24.6,35473,No,131,80,No,0
HUC-0117,38,Female,LGA 6,Secondary,Non-smoker,Low,27.8,298754,No,128,84,Yes,0
HUC-0118,57,Male,LGA 6,Primary,Smoker,Low,19.8,43544,No,157,85,No,0
HUC-0119,72,Female,LGA 3,Secondary,Non-smoker,Low,15,46769,Yes,156,70,No,0
HUC-0120,28,Female,LGA 4,Tertiary,Non-smoker,Low,24.5,160267,No,131,80,No,0
HUC-0121,67,Female,LGA 4,Primary,Non-smoker,Moderate,24.4,18547,No,161,87,Yes,0
HUC-0122,70,Male,LGA 5,Primary,Non-smoker,Moderate,29.6,51121,No,150,82,No,0
HUC-0123,45,Female,LGA 4,Tertiary,Non-smoker,Low,23.5,81409,No,140,82,No,0
HUC-0124,54,Female,LGA 2,Secondary,Non-smoker,Moderate,22.6,154375,No,168,78,No,0
HUC-0125,19,Male,LGA 4,Tertiary,Non-smoker,Low,28.3,65007,No,103,73,No,0
HUC-0126,48,Female,LGA 1,Primary,Non-smoker,Moderate,22.8,68281,No,133,80,No,0
HUC-0127,35,Female,LGA 6,Tertiary,Non-smoker,Low,33,25773,Yes,147,82,Yes,1
HUC-0128,40,Female,LGA 5,Secondary,Non-smoker,Moderate,21.3,125973,No,139,64,No,0
HUC-0129,49,Male,LGA 4,Primary,Non-smoker,Moderate,29.8,41496,No,144,92,No,0
HUC-0130,55,Male,LGA 2,Primary,Non-smoker,Low,16.7,48503,Yes,127,86,No,0
HUC-0131,41,Male,LGA 4,Secondary,Non-smoker,Low,32.8,66360,No,139,86,No,0
HUC-0132,76,Female,LGA 3,Secondary,Non-smoker,Moderate,25.4,51458,No,159,89,No,0
HUC-0133,50,Female,LGA 5,Primary,Non-smoker,Low,16.7,107389,No,141,83,No,0
HUC-0134,39,Male,LGA 6,Primary,Non-smoker,Moderate,19.4,35256,No,129,76,No,0
HUC-0135,48,Male,LGA 1,Tertiary,Non-smoker,Low,25.3,48292,Yes,145,82,No,1
HUC-0136,41,Male,LGA 6,Tertiary,Non-smoker,Low,33.9,192639,No,141,85,No,0
HUC-0137,28,Female,LGA 1,Tertiary,Non-smoker,Moderate,23.3,98521,No,141,63,No,0
HUC-0138,49,Female,LGA 6,Tertiary,Non-smoker,Low,25.2,52321,No,161,89,No,0
HUC-0139,54,Male,LGA 6,Secondary,Non-smoker,High,29.9,64659,No,144,72,No,0
HUC-0140,47,Female,LGA 2,Primary,Non-smoker,Low,25.8,38710,No,133,62,Yes,0
HUC-0141,47,Male,LGA 5,Secondary,Smoker,Low,24.7,159094,No,159,86,No,0
HUC-0142,44,Male,LGA 5,None,Non-smoker,Low,25.7,51253,No,136,75,No,0
HUC-0143,53,Female,LGA 4,Secondary,Non-smoker,Moderate,24.4,36694,Yes,140,87,Yes,1
HUC-0144,25,Female,LGA 5,Secondary,Non-smoker,Low,26.8,45133,No,118,67,No,0
HUC-0145,57,Male,LGA 2,Secondary,Non-smoker,Moderate,27.9,36380,No,147,78,No,0
HUC-0146,30,Male,LGA 5,Secondary,Non-smoker,High,18.7,58666,No,125,67,No,0
HUC-0147,46,Female,LGA 2,Secondary,Non-smoker,Moderate,24.5,44908,Yes,128,81,No,0
HUC-0148,52,Male,LGA 2,Tertiary,Non-smoker,Low,22.2,96553,No,158,85,No,0
HUC-0149,45,Male,LGA 4,Secondary,Non-smoker,Low,28.3,64337,No,131,104,No,0
HUC-0150,22,Female,LGA 3,Primary,Non-smoker,High,25.6,29260,No,130,78,No,0
HUC-0151,42,Female,LGA 4,Primary,Non-smoker,Low,20,144885,No,132,87,No,0
HUC-0152,46,Female,LGA 3,Primary,Non-smoker,High,27.7,105312,No,139,97,No,0
HUC-0153,55,Female,LGA 6,Secondary,Smoker,Low,16.1,69195,Yes,144,86,No,1
HUC-0154,49,Male,LGA 1,Tertiary,Non-smoker,Moderate,30.1,80882,No,129,85,No,0
HUC-0155,49,Female,LGA 1,Secondary,Non-smoker,Low,18.8,117505,Yes,151,81,No,0
HUC-0156,57,Male,LGA 5,Primary,Non-smoker,Moderate,33.9,76982,No,157,83,Yes,0
HUC-0157,33,Male,LGA 5,Secondary,Smoker,Moderate,23.2,119068,No,150,87,No,0
HUC-0158,34,Male,LGA 3,Primary,Non-smoker,High,24,93831,No,134,85,No,0
HUC-0159,42,Female,LGA 3,Secondary,Non-smoker,Moderate,20.5,55778,No,122,63,No,0
HUC-0160,46,Male,LGA 3,Primary,Non-smoker,Moderate,17.8,122767,No,132,71,No,0
HUC-0161,60,Female,LGA 6,Secondary,Non-smoker,Moderate,27,20619,No,152,82,Yes,0
HUC-0162,31,Male,LGA 5,Secondary,Non-smoker,Low,19.1,62586,No,105,60,No,0
HUC-0163,31,Male,LGA 3,Secondary,Non-smoker,Moderate,29.2,46110,No,123,73,No,0
HUC-0164,52,Female,LGA 1,Tertiary,Smoker,Moderate,16.8,93507,No,147,85,No,0
HUC-0165,37,Female,LGA 5,Secondary,Non-smoker,Low,22.8,66928,No,125,75,No,0
HUC-0166,39,Female,LGA 6,Tertiary,Smoker,High,28.4,126498,Yes,139,89,No,0
HUC-0167,50,Male,LGA 3,None,Non-smoker,High,25,64146,No,142,81,No,0
HUC-0168,34,Male,LGA 5,Secondary,Non-smoker,Moderate,28.8,72880,No,124,86,No,0
HUC-0169,33,Male,LGA 1,Primary,Non-smoker,Low,26.7,84707,No,125,62,No,0
HUC-0170,39,Female,LGA 5,Secondary,Smoker,Low,25.9,144945,No,157,78,No,0
HUC-0171,37,Female,LGA 1,Secondary,Non-smoker,Moderate,34.1,42821,No,135,82,No,0
HUC-0172,33,Female,LGA 4,Primary,Non-smoker,Moderate,21.2,176071,No,147,78,No,0
HUC-0173,53,Female,LGA 3,Primary,Non-smoker,High,25.4,40080,No,144,80,No,0
HUC-0174,36,Male,LGA 1,Primary,Smoker,Low,22.2,31080,No,161,80,No,0
HUC-0175,43,Male,LGA 5,Tertiary,Non-smoker,Low,22.1,122544,No,134,72,No,0
HUC-0176,44,Male,LGA 6,Tertiary,Non-smoker,Low,24.5,79440,Yes,126,85,No,1
HUC-0177,18,Female,LGA 4,Primary,Non-smoker,Moderate,21.6,45038,No,123,68,No,0
HUC-0178,47,Female,LGA 5,Secondary,Non-smoker,Low,29.2,132756,Yes,144,93,No,1
HUC-0179,62,Male,LGA 4,Primary,Non-smoker,Low,29.7,84587,No,155,85,No,0
HUC-0180,42,Male,LGA 2,Tertiary,Smoker,Moderate,27.7,36895,No,148,77,No,0
HUC-0181,32,Female,LGA 2,Secondary,Non-smoker,Low,17.1,71839,No,120,74,No,0
HUC-0182,59,Male,LGA 4,Tertiary,Smoker,Moderate,23.7,58324,No,156,84,Yes,0
HUC-0183,45,Female,LGA 1,Secondary,Non-smoker,High,27.5,31546,No,125,70,No,0
HUC-0184,55,Female,LGA 3,Secondary,Non-smoker,High,25,87022,Yes,139,85,No,1
HUC-0185,45,Female,LGA 2,Tertiary,Non-smoker,Moderate,32.1,70301,Yes,159,99,Yes,1
HUC-0186,50,Female,LGA 4,Secondary,Smoker,High,23.9,68917,Yes,148,76,No,1
HUC-0187,61,Female,LGA 1,Primary,Non-smoker,Low,25.1,38810,No,147,88,No,0
HUC-0188,51,Female,LGA 4,Tertiary,Non-smoker,Moderate,27,58097,No,152,85,No,0
HUC-0189,47,Female,LGA 6,Primary,Smoker,Moderate,27.8,47797,No,175,70,No,0
HUC-0190,33,Female,LGA 6,Tertiary,Smoker,Low,27.6,34169,No,147,73,No,0
HUC-0191,50,Female,LGA 4,Primary,Non-smoker,Moderate,23.5,55202,No,138,83,No,0
HUC-0192,37,Female,LGA 2,Primary,Non-smoker,Low,32.2,26869,No,146,82,No,0
HUC-0193,70,Female,LGA 4,Tertiary,Non-smoker,Low,27.7,62741,No,152,93,No,0
HUC-0194,46,Female,LGA 5,Primary,Non-smoker,Low,27.4,21905,Yes,141,83,No,0
HUC-0195,32,Male,LGA 2,None,Non-smoker,High,21.3,58040,No,105,76,No,0
HUC-0196,63,Female,LGA 3,Secondary,Non-smoker,Low,21.5,61772,No,140,88,No,0
HUC-0197,36,Male,LGA 1,Tertiary,Non-smoker,Low,22.8,12514,No,136,77,No,0
HUC-0198,21,Male,LGA 1,Secondary,Non-smoker,High,22.9,197544,No,112,68,No,0
HUC-0199,28,Female,LGA 6,Secondary,Non-smoker,Moderate,29.7,79280,No,126,63,Yes,0
HUC-0200,43,Female,LGA 4,Tertiary,Non-smoker,High,29.8,37628,No,136,76,No,0
HUC-0201,36,Male,LGA 2,Primary,Non-smoker,Low,29.3,178675,No,133,90,No,0
HUC-0202,48,Female,LGA 4,Secondary,Non-smoker,Low,25.4,150641,No,132,88,No,0
HUC-0203,39,Female,LGA 5,Secondary,Non-smoker,Moderate,22.6,21673,No,129,66,No,0
HUC-0204,18,Female,LGA 3,Primary,Non-smoker,Low,18.8,58481,No,128,76,No,0
HUC-0205,38,Male,LGA 4,Primary,Non-smoker,Low,20,35884,No,128,72,No,0
HUC-0206,65,Male,LGA 2,Secondary,Non-smoker,Low,32.7,84483,Yes,177,88,No,1
HUC-0207,36,Male,LGA 3,Secondary,Smoker,Moderate,22.2,18424,No,131,71,No,0
HUC-0208,34,Female,LGA 5,Secondary,Non-smoker,Moderate,21.6,153106,No,132,65,No,0
HUC-0209,40,Female,LGA 4,Tertiary,Non-smoker,High,23.3,28137,No,142,81,No,0
HUC-0210,63,Male,LGA 4,Primary,Smoker,Moderate,21.5,46134,No,164,79,No,0
HUC-0211,31,Female,LGA 4,Primary,Non-smoker,High,22.2,76863,No,128,79,Yes,0
HUC-0212,52,Female,LGA 6,None,Smoker,Moderate,33.9,131453,No,170,84,Yes,0
HUC-0213,34,Female,LGA 6,Tertiary,Smoker,Low,22.6,47691,No,140,83,No,0
HUC-0214,38,Male,LGA 1,Secondary,Non-smoker,Moderate,23.7,51725,No,126,67,No,0
HUC-0215,37,Female,LGA 1,Secondary,Non-smoker,High,25.5,128111,No,140,93,No,0
HUC-0216,52,Female,LGA 6,Secondary,Non-smoker,Low,34.8,177358,Yes,152,84,No,0
HUC-0217,50,Male,LGA 6,None,Non-smoker,Moderate,24.1,100783,No,121,69,No,0
HUC-0218,56,Female,LGA 3,Secondary,Non-smoker,Moderate,27,63618,Yes,143,81,No,0
HUC-0219,56,Female,LGA 2,Primary,Smoker,Moderate,27.4,64816,Yes,152,83,No,1
HUC-0220,70,Male,LGA 1,Secondary,Non-smoker,Low,24.5,38941,Yes,156,86,Yes,0
HUC-0221,43,Female,LGA 2,Tertiary,Non-smoker,Low,16,24458,No,143,66,No,0
HUC-0222,18,Female,LGA 3,Secondary,Non-smoker,Moderate,32.1,140998,No,110,72,No,0
HUC-0223,35,Female,LGA 5,Secondary,Non-smoker,Low,25.1,60152,No,133,71,Yes,0
HUC-0224,32,Female,LGA 5,Primary,Smoker,Moderate,27.9,124785,No,111,68,No,0
HUC-0225,38,Female,LGA 4,Secondary,Non-smoker,Moderate,22.6,199921,No,130,78,No,0
HUC-0226,57,Male,LGA 4,Primary,Non-smoker,Moderate,28.5,60705,No,150,80,No,0
HUC-0227,35,Male,LGA 3,Primary,Non-smoker,Moderate,29.8,81408,No,131,91,No,0
HUC-0228,32,Male,LGA 1,Tertiary,Smoker,Low,32.6,33128,No,146,68,No,0
HUC-0229,48,Female,LGA 6,Tertiary,Smoker,Moderate,21.8,78593,No,157,73,No,0
HUC-0230,51,Female,LGA 5,Secondary,Non-smoker,Moderate,27,46578,Yes,147,76,Yes,1
HUC-0231,39,Male,LGA 3,None,Non-smoker,Moderate,24.9,33931,No,132,72,No,0
HUC-0232,47,Male,LGA 3,Primary,Non-smoker,High,24.1,57001,No,137,79,No,0
HUC-0233,48,Male,LGA 6,Primary,Non-smoker,Low,21.7,30945,No,135,81,No,0
HUC-0234,47,Female,LGA 1,Primary,Non-smoker,High,28.6,71193,No,144,71,No,0
HUC-0235,35,Female,LGA 2,Primary,Smoker,High,27.8,65426,No,139,76,No,0
HUC-0236,52,Female,LGA 2,Primary,Non-smoker,Low,34.5,93023,No,160,84,No,0
HUC-0237,18,Female,LGA 5,Tertiary,Smoker,Low,16.5,75792,Yes,113,69,No,1
HUC-0238,50,Female,LGA 1,Tertiary,Non-smoker,Moderate,34.9,27731,No,144,76,Yes,0
HUC-0239,47,Male,LGA 6,None,Non-smoker,Low,23.3,15146,No,139,84,No,0
HUC-0240,69,Male,LGA 1,Secondary,Non-smoker,Low,31,114570,No,156,81,No,0
HUC-0241,45,Male,LGA 2,Secondary,Smoker,Low,26.7,98635,No,148,86,No,0
HUC-0242,43,Female,LGA 3,None,Non-smoker,Moderate,28.3,79767,No,143,66,Yes,0
HUC-0243,58,Female,LGA 1,Primary,Non-smoker,Low,27.1,30590,Yes,154,73,No,1
HUC-0244,52,Female,LGA 2,Secondary,Non-smoker,Moderate,31.6,35100,Yes,146,84,No,0
HUC-0245,42,Male,LGA 5,Tertiary,Smoker,High,23,38725,No,128,82,No,0
HUC-0246,42,Female,LGA 4,Primary,Non-smoker,Moderate,29.3,62821,No,135,83,No,0
HUC-0247,44,Male,LGA 1,Primary,Non-smoker,Low,19.3,147246,No,136,82,No,0
HUC-0248,28,Female,LGA 3,Secondary,Non-smoker,Low,22.1,150183,No,134,76,No,0
HUC-0249,58,Female,LGA 2,Secondary,Non-smoker,Low,28.5,73573,No,128,77,Yes,0
HUC-0250,35,Female,LGA 5,Primary,Smoker,Moderate,27.4,32436,No,140,76,No,0
HUC-0251,38,Female,LGA 1,Tertiary,Non-smoker,High,24.9,104550,No,143,89,No,0
HUC-0252,51,Male,LGA 3,Secondary,Non-smoker,Low,25.4,51074,No,138,68,No,0
HUC-0253,37,Male,LGA 2,Secondary,Non-smoker,Moderate,26.9,26545,No,138,75,No,0
HUC-0254,41,Female,LGA 2,None,Non-smoker,Low,30,33370,Yes,132,73,Yes,0
HUC-0255,62,Male,LGA 4,Tertiary,Non-smoker,Low,17.9,41015,No,155,86,No,0
HUC-0256,34,Male,LGA 2,Primary,Non-smoker,Low,27,49319,No,118,79,No,0
HUC-0257,39,Female,LGA 1,Tertiary,Non-smoker,Moderate,18.8,134502,No,123,77,No,0
HUC-0258,62,Male,LGA 3,Secondary,Non-smoker,Moderate,32.2,97284,No,151,91,Yes,0
HUC-0259,38,Female,LGA 5,Tertiary,Non-smoker,Moderate,29.9,53019,No,135,78,No,0
HUC-0260,35,Male,LGA 1,Secondary,Non-smoker,Moderate,24.6,171779,No,118,71,No,0
HUC-0261,45,Female,LGA 4,Tertiary,Non-smoker,Moderate,31.3,152991,No,148,76,No,0
HUC-0262,50,Female,LGA 2,Secondary,Non-smoker,Moderate,23.8,59794,No,130,77,No,0
HUC-0263,34,Female,LGA 3,Secondary,Non-smoker,High,15.9,51036,No,132,70,Yes,0
HUC-0264,40,Female,LGA 2,Primary,Smoker,Moderate,19.5,116077,No,158,82,No,0
HUC-0265,40,Male,LGA 5,Primary,Non-smoker,Low,25.6,382092,Yes,161,87,No,1
HUC-0266,29,Female,LGA 6,Secondary,Non-smoker,Low,21.8,13645,No,119,74,No,0
HUC-0267,42,Female,LGA 5,Secondary,Non-smoker,Moderate,27.1,42811,No,144,77,No,0
HUC-0268,64,Male,LGA 4,Primary,Non-smoker,Moderate,34,45331,Yes,144,96,Yes,0
HUC-0269,54,Female,LGA 3,Secondary,Non-smoker,Moderate,24.6,154550,No,152,87,Yes,0
HUC-0270,33,Female,LGA 2,Secondary,Non-smoker,High,26.2,146621,No,135,67,No,0
HUC-0271,47,Male,LGA 6,Tertiary,Non-smoker,High,30.2,60979,No,130,101,No,0
HUC-0272,39,Male,LGA 4,Tertiary,Non-smoker,High,34.3,40547,No,126,78,No,0
HUC-0273,40,Male,LGA 1,Secondary,Non-smoker,Moderate,15,45875,No,134,77,Yes,0
HUC-0274,53,Male,LGA 3,Secondary,Non-smoker,Low,29.7,79783,Yes,150,99,No,1
HUC-0275,50,Female,LGA 4,None,Non-smoker,Low,22.5,81962,No,144,75,No,0
HUC-0276,54,Male,LGA 5,Primary,Non-smoker,Moderate,25.9,26210,Yes,138,90,No,0
HUC-0277,48,Male,LGA 3,Tertiary,Non-smoker,Low,16.9,64510,No,142,80,Yes,0
HUC-0278,32,Male,LGA 6,Secondary,Non-smoker,Moderate,22.9,77087,No,146,82,No,0
HUC-0279,36,Male,LGA 4,Secondary,Non-smoker,Low,31.6,54934,No,140,78,No,0
HUC-0280,26,Male,LGA 4,Secondary,Non-smoker,Low,29.3,80342,No,124,82,Yes,0
HUC-0281,50,Male,LGA 4,Primary,Smoker,Moderate,21.4,33260,No,148,75,No,0
HUC-0282,60,Male,LGA 6,Primary,Non-smoker,Moderate,26.8,46738,Yes,145,79,No,1
HUC-0283,21,Female,LGA 4,None,Smoker,Moderate,24.3,262884,No,114,71,No,0
HUC-0284,43,Female,LGA 5,Tertiary,Non-smoker,Moderate,18.6,95328,No,144,75,No,0
HUC-0285,49,Female,LGA 1,Primary,Non-smoker,Moderate,22.8,58894,No,115,88,Yes,0
HUC-0286,39,Male,LGA 4,Tertiary,Non-smoker,Moderate,32.1,121901,Yes,147,79,No,1
HUC-0287,31,Male,LGA 4,Tertiary,Smoker,Low,23.8,74141,No,135,79,No,0
HUC-0288,29,Male,LGA 5,Secondary,Non-smoker,Moderate,20.7,79264,No,117,68,No,0
HUC-0289,59,Female,LGA 1,Tertiary,Non-smoker,Low,29,197918,Yes,142,83,No,0
HUC-0290,39,Female,LGA 4,Secondary,Non-smoker,Moderate,25.7,22622,Yes,141,86,No,0
HUC-0291,57,Male,LGA 1,None,Non-smoker,Moderate,22.4,97439,Yes,163,74,No,0
HUC-0292,34,Female,LGA 5,Secondary,Non-smoker,Moderate,26.6,27695,Yes,135,67,No,1
HUC-0293,59,Female,LGA 1,Secondary,Non-smoker,Moderate,15,24170,No,153,84,No,0
HUC-0294,49,Male,LGA 2,Secondary,Non-smoker,High,29,20861,No,147,68,No,0
HUC-0295,42,Male,LGA 4,Primary,Non-smoker,Moderate,21.9,50023,No,124,72,Yes,0
HUC-0296,57,Female,LGA 1,Primary,Non-smoker,Low,29.3,41880,No,160,85,Yes,0
HUC-0297,37,Male,LGA 3,Secondary,Non-smoker,High,33.6,110620,Yes,141,71,Yes,1
HUC-0298,37,Female,LGA 6,Primary,Non-smoker,Low,28.8,126574,No,144,62,Yes,0
HUC-0299,42,Male,LGA 4,Secondary,Non-smoker,Low,25.8,34543,Yes,125,71,No,0
HUC-0300,41,Male,LGA 6,Tertiary,Smoker,Moderate,19.5,56564,No,138,71,No,0
HUC-0301,40,Male,LGA 4,Secondary,Smoker,Low,19.1,10717,No,136,79,No,0
HUC-0302,40,Male,LGA 2,Tertiary,Non-smoker,Moderate,25.4,31432,No,139,77,No,0
HUC-0303,31,Female,LGA 4,Secondary,Non-smoker,High,20.8,161823,No,141,74,No,0
HUC-0304,54,Female,LGA 4,Secondary,Non-smoker,Low,24,75403,No,135,70,No,0
HUC-0305,31,Male,LGA 2,Primary,Non-smoker,Low,20.4,54557,No,119,78,No,0
HUC-0306,32,Male,LGA 5,Primary,Non-smoker,Moderate,33.2,42731,No,125,87,No,0
HUC-0307,31,Male,LGA 6,Secondary,Non-smoker,Moderate,23.5,33111,No,141,70,No,0
HUC-0308,64,Male,LGA 1,Secondary,Non-smoker,Low,26.9,39212,No,153,82,No,0
HUC-0309,49,Female,LGA 1,Primary,Smoker,Moderate,26.8,88256,Yes,154,87,Yes,0
HUC-0310,50,Female,LGA 2,Tertiary,Non-smoker,Low,26.6,72487,Yes,140,80,No,1
HUC-0311,18,Female,LGA 5,Primary,Non-smoker,Moderate,21.1,221504,No,117,71,No,0
HUC-0312,37,Female,LGA 6,Secondary,Non-smoker,Low,26.8,58008,No,142,90,No,0
HUC-0313,57,Female,LGA 5,Tertiary,Non-smoker,Moderate,28.9,79010,No,147,78,No,0
HUC-0314,60,Female,LGA 1,Secondary,Non-smoker,Low,21.9,39818,Yes,150,93,No,1
HUC-0315,18,Female,LGA 3,Secondary,Non-smoker,Low,38.3,50958,No,115,73,No,0
HUC-0316,18,Male,LGA 1,None,Non-smoker,High,25,83143,No,139,81,No,0
HUC-0317,24,Male,LGA 5,None,Non-smoker,Low,24.4,122530,No,137,75,No,0
HUC-0318,24,Female,LGA 1,Primary,Non-smoker,Low,22.5,195854,No,141,78,No,0
HUC-0319,52,Female,LGA 2,Primary,Non-smoker,Moderate,31.9,48809,No,151,83,Yes,0
HUC-0320,48,Female,LGA 5,Primary,Non-smoker,High,38,31963,No,149,77,No,0
HUC-0321,65,Female,LGA 2,Tertiary,Non-smoker,High,23.1,45918,Yes,152,86,No,1
HUC-0322,45,Female,LGA 6,Secondary,Non-smoker,Moderate,22.4,123014,No,140,72,No,0
HUC-0323,38,Male,LGA 6,Secondary,Smoker,Low,23.7,92900,Yes,142,70,No,1
HUC-0324,63,Male,LGA 3,Secondary,Non-smoker,Moderate,19.9,61002,No,142,76,Yes,0
HUC-0325,52,Male,LGA 6,None,Non-smoker,High,33.3,126946,Yes,150,84,Yes,0
HUC-0326,51,Male,LGA 4,Secondary,Smoker,Low,22.6,61435,Yes,147,63,Yes,1
HUC-0327,56,Male,LGA 4,Primary,Non-smoker,Low,19.3,183153,Yes,150,85,No,0
HUC-0328,39,Female,LGA 4,Primary,Non-smoker,Moderate,20.3,29515,No,133,68,No,0
HUC-0329,47,Female,LGA 4,Secondary,Non-smoker,Low,24.3,54719,Yes,137,79,No,0
HUC-0330,56,Female,LGA 2,Secondary,Non-smoker,Low,19.5,72330,Yes,145,96,Yes,0
HUC-0331,18,Male,LGA 3,Secondary,Non-smoker,High,27.3,85521,No,125,69,No,0
HUC-0332,42,Female,LGA 6,Tertiary,Smoker,Low,22.4,156839,No,139,76,No,0
HUC-0333,31,Female,LGA 3,Primary,Non-smoker,Low,30.3,52057,No,135,70,No,0
HUC-0334,30,Female,LGA 1,Tertiary,Non-smoker,Low,30.1,71809,No,133,81,No,0
HUC-0335,32,Female,LGA 1,Secondary,Non-smoker,Low,26.8,101163,No,139,81,No,0
HUC-0336,47,Male,LGA 2,Tertiary,Non-smoker,Moderate,27.4,34913,No,143,86,No,0
HUC-0337,42,Male,LGA 3,Secondary,Non-smoker,High,27,27759,No,137,76,No,0
HUC-0338,27,Female,LGA 1,Tertiary,Non-smoker,Moderate,24.6,26656,No,133,70,No,0
HUC-0339,50,Female,LGA 1,Secondary,Non-smoker,High,24.2,85850,No,151,80,Yes,0
HUC-0340,48,Male,LGA 1,Primary,Non-smoker,Low,27.4,43811,No,147,74,No,0
HUC-0341,48,Male,LGA 3,Primary,Non-smoker,Low,23.1,46415,No,136,74,No,0
HUC-0342,47,Male,LGA 5,Tertiary,Smoker,Moderate,24.3,38765,Yes,140,66,No,1
HUC-0343,58,Male,LGA 1,Secondary,Non-smoker,Low,24.1,85728,No,134,69,No,0
HUC-0344,33,Female,LGA 6,Primary,Smoker,High,25,53279,No,147,70,No,0
HUC-0345,34,Female,LGA 3,Secondary,Non-smoker,Low,20.3,38900,No,125,70,No,0
HUC-0346,52,Male,LGA 2,Tertiary,Non-smoker,Moderate,26.9,130546,Yes,157,73,No,1
HUC-0347,50,Female,LGA 1,Secondary,Smoker,Moderate,29.1,66055,No,160,75,No,0
HUC-0348,56,Male,LGA 3,Secondary,Non-smoker,Moderate,30.1,56314,No,143,85,No,0
HUC-0349,42,Female,LGA 6,Tertiary,Smoker,High,18.1,40971,Yes,143,76,No,0
HUC-0350,50,Male,LGA 3,Tertiary,Non-smoker,Moderate,21.9,298789,No,159,95,No,0
HUC-0351,57,Female,LGA 1,Secondary,Smoker,High,32,57177,Yes,162,86,No,1
HUC-0352,33,Female,LGA 5,Secondary,Non-smoker,Moderate,34.8,92021,No,147,78,No,0
HUC-0353,65,Female,LGA 4,None,Non-smoker,Moderate,23.1,58295,Yes,148,85,Yes,1
HUC-0354,33,Female,LGA 3,Tertiary,Non-smoker,Low,26.2,35135,No,141,71,No,0
HUC-0355,21,Male,LGA 6,None,Non-smoker,Moderate,22.5,35766,No,126,78,No,0
HUC-0356,40,Female,LGA 3,Secondary,Smoker,Low,16.2,129612,No,164,68,No,0
HUC-0357,45,Female,LGA 5,Secondary,Smoker,Low,28.5,46951,No,143,62,No,0
HUC-0358,33,Female,LGA 5,Secondary,Smoker,Low,21.9,25699,No,134,72,No,0
HUC-0359,29,Female,LGA 1,Secondary,Smoker,High,28.1,61283,No,138,83,No,0
HUC-0360,33,Female,LGA 6,Secondary,Non-smoker,Moderate,32.1,67296,No,136,69,No,0
HUC-0361,57,Female,LGA 1,Primary,Non-smoker,High,23.6,34078,No,146,86,Yes,0
HUC-0362,18,Male,LGA 4,Primary,Non-smoker,Low,32.2,134948,No,123,67,No,0
HUC-0363,18,Male,LGA 3,Secondary,Non-smoker,High,23.7,160137,No,130,80,No,0
HUC-0364,25,Male,LGA 4,Secondary,Smoker,High,33.6,97886,No,148,82,No,0
HUC-0365,56,Male,LGA 6,None,Non-smoker,High,29.8,113418,Yes,157,81,No,0
HUC-0366,54,Female,LGA 1,None,Non-smoker,High,26.6,28310,Yes,135,97,Yes,1
HUC-0367,31,Female,LGA 2,Primary,Non-smoker,Low,28.2,59163,No,129,87,No,0
HUC-0368,43,Male,LGA 6,Primary,Non-smoker,Low,25.8,212250,No,142,81,No,0
HUC-0369,50,Male,LGA 1,Secondary,Non-smoker,Low,26.7,29252,No,138,80,No,0
HUC-0370,48,Male,LGA 5,Secondary,Non-smoker,Moderate,25.5,67988,No,143,68,No,0
HUC-0371,49,Male,LGA 1,Secondary,Non-smoker,Moderate,22.8,33251,No,138,83,No,0
HUC-0372,45,Female,LGA 3,Primary,Non-smoker,Low,33.1,82772,Yes,157,88,Yes,0
HUC-0373,46,Female,LGA 3,Secondary,Non-smoker,Moderate,21,145488,No,142,77,No,0
HUC-0374,23,Female,LGA 2,Primary,Non-smoker,Low,29.7,43342,No,122,80,No,0
HUC-0375,69,Male,LGA 3,Secondary,Smoker,High,34.9,79644,No,173,95,No,0
HUC-0376,40,Male,LGA 3,Tertiary,Non-smoker,Low,19,24173,Yes,139,81,No,0
HUC-0377,48,Female,LGA 5,Tertiary,Non-smoker,High,21.2,42104,No,130,93,Yes,0
HUC-0378,24,Female,LGA 5,Primary,Smoker,Low,20.7,88852,No,136,75,No,0
HUC-0379,37,Male,LGA 4,Secondary,Non-smoker,High,26.1,90452,No,135,70,No,0
HUC-0380,52,Male,LGA 3,Secondary,Smoker,Moderate,23.6,18097,No,168,90,No,0
HUC-0381,44,Male,LGA 3,Tertiary,Non-smoker,Low,29.9,57711,No,128,76,No,0
HUC-0382,45,Female,LGA 1,Primary,Non-smoker,Low,31.4,38280,No,140,78,Yes,0
HUC-0383,25,Female,LGA 4,Secondary,Non-smoker,High,33.5,72654,No,165,73,No,0
HUC-0384,48,Female,LGA 4,Tertiary,Non-smoker,Low,24,24635,Yes,134,77,No,0
HUC-0385,35,Male,LGA 3,Secondary,Smoker,Moderate,25.6,35976,No,132,89,No,0
HUC-0386,20,Female,LGA 4,Secondary,Non-smoker,Low,25.9,69908,No,129,70,No,0
HUC-0387,50,Female,LGA 5,Secondary,Non-smoker,Moderate,20.8,41772,No,129,78,No,0
HUC-0388,42,Male,LGA 2,None,Non-smoker,Low,19.9,25629,No,151,79,No,0
HUC-0389,32,Female,LGA 4,Secondary,Smoker,Moderate,20.5,50798,No,133,71,No,0
HUC-0390,46,Male,LGA 6,Tertiary,Non-smoker,Moderate,25.1,102006,No,149,72,No,0
HUC-0391,18,Female,LGA 5,None,Non-smoker,Moderate,24.4,47011,Yes,129,66,No,0
HUC-0392,69,Male,LGA 3,Secondary,Non-smoker,Low,26.5,90512,No,155,87,Yes,0
HUC-0393,18,Female,LGA 5,Primary,Non-smoker,Moderate,24.8,56896,No,122,84,No,0
HUC-0394,46,Female,LGA 4,Primary,Smoker,Moderate,20.7,69073,No,131,70,No,0
HUC-0395,39,Male,LGA 2,Primary,Non-smoker,Moderate,17.3,128900,No,121,75,No,0
HUC-0396,27,Female,LGA 5,Secondary,Smoker,Moderate,20.9,92004,No,123,80,No,0
HUC-0397,46,Female,LGA 1,Primary,Non-smoker,Moderate,29,53655,No,140,71,Yes,0
HUC-0398,37,Male,LGA 1,None,Non-smoker,Moderate,19.4,33554,No,148,74,No,0
HUC-0399,62,Female,LGA 4,Primary,Non-smoker,Moderate,27.3,85548,Yes,153,85,Yes,1
HUC-0400,28,Female,LGA 6,Primary,Non-smoker,Low,23.4,84449,No,139,93,No,0
HUC-0401,59,Female,LGA 3,Secondary,Non-smoker,Moderate,24,77812,No,142,80,Yes,0
HUC-0402,49,Female,LGA 3,Primary,Non-smoker,Low,28.7,38463,Yes,138,86,No,0
HUC-0403,28,Female,LGA 5,Secondary,Smoker,High,23.8,81584,No,142,74,No,0
HUC-0404,40,Male,LGA 3,Secondary,Non-smoker,Low,28.9,104966,No,131,68,No,0
HUC-0405,30,Female,LGA 1,Secondary,Non-smoker,Moderate,32.1,40211,No,123,81,No,0
HUC-0406,18,Male,LGA 1,Primary,Non-smoker,Moderate,31.3,136156,No,124,86,No,0
HUC-0407,67,Male,LGA 3,Primary,Smoker,Moderate,21.6,78636,No,153,92,No,0
HUC-0408,62,Male,LGA 6,None,Non-smoker,Low,26.9,44076,Yes,138,69,No,1
HUC-0409,44,Female,LGA 5,Primary,Non-smoker,Moderate,27.1,47103,No,151,82,Yes,0
HUC-0410,24,Male,LGA 6,Secondary,Non-smoker,Moderate,20.5,59286,No,122,58,No,0
HUC-0411,49,Male,LGA 3,Secondary,Non-smoker,Moderate,24.2,97789,No,151,78,Yes,0
HUC-0412,29,Female,LGA 1,Primary,Non-smoker,High,30.3,78126,Yes,140,71,No,1
HUC-0413,50,Female,LGA 1,Primary,Non-smoker,Low,29.5,149346,Yes,150,84,No,0
HUC-0414,53,Male,LGA 4,Tertiary,Non-smoker,High,27,82661,No,149,81,No,0
HUC-0415,44,Female,LGA 2,Secondary,Non-smoker,Low,27.3,26617,No,128,73,No,0
HUC-0416,41,Female,LGA 2,Secondary,Non-smoker,Low,23.4,33832,No,132,82,No,0
HUC-0417,56,Female,LGA 1,Primary,Smoker,Moderate,28.4,160639,No,148,81,No,0
HUC-0418,56,Male,LGA 5,Primary,Smoker,High,27.7,81116,No,156,82,Yes,0
HUC-0419,47,Female,LGA 1,Primary,Non-smoker,High,26.7,141032,No,130,75,No,0
HUC-0420,40,Male,LGA 2,Secondary,Non-smoker,Low,31.5,75553,No,131,78,No,0
HUC-0421,54,Female,LGA 1,Tertiary,Non-smoker,Low,23.6,42323,No,152,80,Yes,0
HUC-0422,45,Male,LGA 6,Secondary,Non-smoker,Moderate,22,42896,No,140,78,No,0
HUC-0423,61,Male,LGA 3,Primary,Non-smoker,Moderate,26.3,53327,No,137,77,No,0
HUC-0424,25,Male,LGA 4,Tertiary,Non-smoker,High,23.3,29652,No,133,71,No,0
HUC-0425,41,Female,LGA 2,Tertiary,Smoker,High,20.7,109500,No,141,61,No,0
HUC-0426,56,Male,LGA 1,Secondary,Non-smoker,Moderate,18.4,35760,No,158,77,No,0
HUC-0427,33,Female,LGA 1,None,Non-smoker,High,25.3,119294,No,141,67,No,0
HUC-0428,20,Female,LGA 5,Primary,Smoker,Moderate,31.9,151841,No,130,72,No,0
HUC-0429,49,Female,LGA 2,Primary,Smoker,Moderate,28.5,88282,No,161,67,Yes,0
HUC-0430,34,Male,LGA 1,Secondary,Non-smoker,Low,29,45203,No,126,79,No,0
HUC-0431,36,Male,LGA 4,Tertiary,Non-smoker,Moderate,28.6,11529,No,136,85,No,0
HUC-0432,52,Male,LGA 2,Secondary,Non-smoker,Moderate,20.4,56359,No,136,84,No,0
HUC-0433,69,Female,LGA 3,Secondary,Non-smoker,Low,20.1,82473,No,149,82,No,0
HUC-0434,43,Male,LGA 5,Primary,Non-smoker,Low,28.4,106416,Yes,142,78,No,0
HUC-0435,54,Male,LGA 4,Secondary,Non-smoker,Low,24.4,131466,No,151,82,No,0
HUC-0436,18,Female,LGA 5,Secondary,Non-smoker,Moderate,20.8,134941,No,102,70,No,0
HUC-0437,43,Female,LGA 2,Secondary,Non-smoker,Moderate,21.8,124340,No,145,75,Yes,0
HUC-0438,19,Female,LGA 5,Tertiary,Smoker,Moderate,23.4,72205,No,142,69,No,0
HUC-0439,20,Female,LGA 1,Secondary,Non-smoker,Moderate,33.3,125821,No,138,71,No,0
HUC-0440,60,Male,LGA 2,Primary,Non-smoker,High,20.4,36313,No,160,96,No,0
HUC-0441,51,Female,LGA 1,Primary,Smoker,Moderate,27.5,63610,Yes,150,93,No,1
HUC-0442,49,Female,LGA 3,None,Non-smoker,Moderate,25.1,77656,No,146,82,No,0
HUC-0443,35,Female,LGA 5,Primary,Non-smoker,Low,34.1,83209,No,143,81,No,0
HUC-0444,25,Male,LGA 3,Secondary,Non-smoker,Low,20.1,52992,No,116,68,No,0
HUC-0445,48,Female,LGA 6,Secondary,Non-smoker,Low,20.8,103236,No,121,68,No,0
HUC-0446,27,Male,LGA 3,Primary,Non-smoker,Moderate,22.7,67414,Yes,129,80,No,1
HUC-0447,73,Male,LGA 1,Primary,Non-smoker,Low,17.6,40952,No,128,84,No,0
HUC-0448,43,Female,LGA 3,Secondary,Non-smoker,Low,24.1,178913,No,131,71,No,0
HUC-0449,46,Male,LGA 2,Tertiary,Non-smoker,Low,20.5,47362,No,128,87,No,0
HUC-0450,21,Male,LGA 2,Primary,Non-smoker,Moderate,22.5,51691,No,125,75,No,0
HUC-0451,49,Female,LGA 5,Secondary,Non-smoker,Low,32.1,97658,No,158,78,No,0
HUC-0452,57,Female,LGA 1,Secondary,Non-smoker,High,26.3,53585,Yes,160,85,No,0
HUC-0453,46,Male,LGA 5,Secondary,Non-smoker,Low,30.9,40351,No,149,74,No,0
HUC-0454,43,Female,LGA 2,Tertiary,Non-smoker,Low,25.8,216351,Yes,142,87,No,0
HUC-0455,62,Female,LGA 1,Primary,Non-smoker,High,22.3,94908,No,138,90,No,0
HUC-0456,51,Female,LGA 1,Primary,Non-smoker,Moderate,26.7,37559,No,144,89,No,0
HUC-0457,50,Male,LGA 1,Secondary,Non-smoker,High,24.7,44572,No,132,79,No,0
HUC-0458,56,Male,LGA 6,Tertiary,Non-smoker,Moderate,29,71833,No,138,83,No,0
HUC-0459,46,Female,LGA 6,Tertiary,Non-smoker,Moderate,22.3,75428,No,143,76,No,0
HUC-0460,83,Female,LGA 1,Secondary,Non-smoker,Low,27.4,41271,No,163,87,No,0
HUC-0461,47,Female,LGA 5,Primary,Non-smoker,Low,21.8,71701,No,144,103,No,0
HUC-0462,56,Female,LGA 5,Secondary,Non-smoker,Low,28.4,22076,No,148,75,No,0
HUC-0463,54,Male,LGA 6,Secondary,Non-smoker,Moderate,24.5,49634,No,141,89,Yes,0
HUC-0464,51,Female,LGA 5,Tertiary,Non-smoker,Moderate,31,35146,No,136,64,No,0
HUC-0465,56,Male,LGA 1,Secondary,Non-smoker,Moderate,25.7,45429,No,160,77,No,0
HUC-0466,47,Female,LGA 3,Secondary,Non-smoker,High,28.2,80002,No,154,82,No,0
HUC-0467,18,Male,LGA 6,Tertiary,Non-smoker,High,31.6,153811,No,125,68,No,0
HUC-0468,32,Female,LGA 2,Tertiary,Non-smoker,Moderate,29,74486,No,137,83,No,0
HUC-0469,72,Male,LGA 6,Secondary,Non-smoker,Low,26.7,78718,Yes,162,86,No,1
HUC-0470,67,Female,LGA 3,Tertiary,Smoker,Low,20.6,40549,Yes,174,86,No,0
HUC-0471,41,Female,LGA 5,Primary,Non-smoker,High,27.9,93722,No,140,81,Yes,0
HUC-0472,18,Female,LGA 5,Tertiary,Non-smoker,High,19.7,85196,No,122,75,No,0
HUC-0473,32,Female,LGA 3,Tertiary,Non-smoker,Moderate,30.3,97271,No,144,74,No,0
HUC-0474,22,Male,LGA 4,Tertiary,Non-smoker,High,23.2,26790,No,137,56,Yes,0
HUC-0475,20,Female,LGA 2,Tertiary,Non-smoker,Low,27.2,51130,No,135,73,No,0
HUC-0476,54,Male,LGA 6,Primary,Non-smoker,High,21.8,44591,No,152,70,No,0
HUC-0477,44,Male,LGA 1,Secondary,Non-smoker,Moderate,26.6,20766,No,146,84,No,0
HUC-0478,61,Male,LGA 5,Tertiary,Non-smoker,Low,26.2,58663,No,147,83,No,0
HUC-0479,25,Female,LGA 6,Tertiary,Non-smoker,Low,25.5,37419,No,131,78,No,0
HUC-0480,29,Female,LGA 6,Secondary,Non-smoker,Moderate,23.9,35612,No,127,90,No,0
HUC-0481,50,Female,LGA 5,Primary,Non-smoker,Low,19.5,47057,No,125,88,No,0
HUC-0482,57,Female,LGA 1,None,Non-smoker,Moderate,37.8,62484,No,161,103,No,0
HUC-0483,40,Male,LGA 6,Primary,Non-smoker,High,20.9,28676,No,131,75,No,0
HUC-0484,29,Female,LGA 1,Secondary,Smoker,Low,28.8,82151,No,132,81,No,0
HUC-0485,66,Female,LGA 5,Primary,Smoker,High,22,56130,No,164,84,No,0
HUC-0486,64,Female,LGA 6,Primary,Non-smoker,Moderate,20.2,157258,No,146,85,No,0
HUC-0487,56,Female,LGA 2,Tertiary,Non-smoker,Low,32.6,65425,Yes,127,77,No,1
HUC-0488,53,Female,LGA 2,Secondary,Non-smoker,Moderate,23.8,18584,No,139,85,Yes,0
HUC-0489,26,Male,LGA 3,Primary,Non-smoker,Moderate,25.3,66281,No,109,76,No,0
HUC-0490,18,Male,LGA 1,Tertiary,Smoker,Moderate,34.7,46168,No,140,70,No,0
HUC-0491,70,Female,LGA 5,Secondary,Non-smoker,Low,29.3,20346,No,145,82,Yes,0
HUC-0492,46,Female,LGA 4,Tertiary,Non-smoker,Moderate,27.5,102364,No,147,77,No,0
HUC-0493,31,Male,LGA 5,Primary,Smoker,Moderate,23.8,46720,Yes,137,80,No,0
HUC-0494,62,Female,LGA 3,Primary,Non-smoker,High,24.9,22744,No,161,86,Yes,0
HUC-0495,34,Female,LGA 1,Primary,Non-smoker,Low,24.9,73551,No,121,84,No,0
HUC-0496,36,Male,LGA 2,Primary,Non-smoker,Low,24.2,80712,No,131,75,Yes,0
HUC-0497,48,Female,LGA 4,Tertiary,Non-smoker,Low,32.5,46187,No,135,80,No,0
HUC-0498,24,Male,LGA 1,Secondary,Smoker,Moderate,25.9,111464,No,151,59,Yes,0
HUC-0499,35,Female,LGA 4,Secondary,Smoker,Low,22.5,47625,No,122,75,No,0
HUC-0500,28,Female,LGA 6,Primary,Non-smoker,Low,30.2,46722,No,140,89,No,0
HUC-0501,57,Female,LGA 4,Primary,Non-smoker,Moderate,26.6,79372,No,153,88,Yes,0
HUC-0502,46,Male,LGA 1,Primary,Smoker,Moderate,17.7,82671,No,140,76,No,0
HUC-0503,38,Female,LGA 3,Secondary,Non-smoker,Low,21.9,241140,No,132,83,No,0
HUC-0504,59,Female,LGA 1,Secondary,Non-smoker,Low,23.4,41544,No,156,84,Yes,0
HUC-0505,41,Male,LGA 2,Primary,Non-smoker,High,27.9,67839,No,142,79,No,0
HUC-0506,39,Male,LGA 2,Secondary,Non-smoker,Low,22.5,81872,No,136,77,No,0
HUC-0507,44,Male,LGA 1,Secondary,Smoker,Moderate,25.9,28616,No,147,71,No,0
HUC-0508,34,Female,LGA 6,Secondary,Non-smoker,Moderate,21.3,18961,No,113,71,No,0
HUC-0509,43,Female,LGA 3,None,Non-smoker,Moderate,31.2,44080,No,139,74,No,0
HUC-0510,54,Female,LGA 2,Tertiary,Non-smoker,Moderate,25.5,249046,No,139,76,Yes,0
HUC-0511,45,Male,LGA 3,Primary,Non-smoker,Low,25.6,43459,Yes,139,84,No,0
HUC-0512,63,Female,LGA 6,Primary,Non-smoker,High,21.3,63495,Yes,151,87,No,0
HUC-0513,34,Male,LGA 1,Primary,Smoker,Moderate,24.5,108188,No,137,86,No,0
HUC-0514,38,Female,LGA 1,Primary,Non-smoker,Moderate,29.7,65639,No,140,85,No,0
HUC-0515,59,Male,LGA 5,Secondary,Non-smoker,Low,22.3,101760,No,152,80,No,0
HUC-0516,26,Male,LGA 6,Secondary,Non-smoker,High,23.8,40443,No,145,69,No,0
HUC-0517,24,Male,LGA 2,Primary,Smoker,Moderate,24.7,82921,No,146,79,No,0
HUC-0518,50,Female,LGA 5,Tertiary,Non-smoker,High,16.6,28541,No,150,81,No,0
HUC-0519,37,Male,LGA 1,Primary,Non-smoker,Moderate,26.1,100620,No,143,75,No,0
HUC-0520,29,Male,LGA 5,Tertiary,Smoker,Moderate,16.2,34953,No,135,67,No,0
HUC-0521,30,Male,LGA 2,Primary,Non-smoker,High,33.4,83960,Yes,129,76,No,1
HUC-0522,52,Female,LGA 6,Primary,Non-smoker,Low,25.6,87846,No,143,78,No,0
HUC-0523,33,Female,LGA 6,Primary,Non-smoker,High,23.8,45190,No,149,73,No,0
HUC-0524,41,Female,LGA 4,Secondary,Non-smoker,Low,24.9,125600,No,138,84,No,0
HUC-0525,32,Male,LGA 2,Primary,Non-smoker,High,29,49241,No,131,77,Yes,0
HUC-0526,48,Male,LGA 3,Secondary,Smoker,Low,25.1,182311,No,150,78,No,0
HUC-0527,33,Female,LGA 4,Tertiary,Non-smoker,High,26.9,22815,No,126,75,No,0
HUC-0528,48,Male,LGA 2,Tertiary,Non-smoker,High,28.2,37593,No,146,78,No,0
HUC-0529,35,Male,LGA 6,Tertiary,Non-smoker,High,23.2,81812,No,132,75,No,0
HUC-0530,66,Female,LGA 4,Secondary,Non-smoker,Moderate,23.3,91982,No,147,97,Yes,0
HUC-0531,47,Male,LGA 4,Secondary,Non-smoker,Moderate,28.3,73278,No,121,89,No,0
HUC-0532,18,Male,LGA 1,Secondary,Smoker,Moderate,26.9,86787,No,135,60,Yes,0
HUC-0533,60,Female,LGA 5,Primary,Non-smoker,High,27.3,98771,No,156,74,Yes,0
HUC-0534,41,Female,LGA 5,Tertiary,Non-smoker,High,34.2,21990,No,136,77,No,0
HUC-0535,45,Male,LGA 2,Secondary,Non-smoker,Low,27.8,175910,No,145,79,No,0
HUC-0536,60,Male,LGA 3,Secondary,Non-smoker,Moderate,18.2,43528,No,149,77,Yes,0
HUC-0537,47,Male,LGA 5,Secondary,Non-smoker,Moderate,32.4,85975,No,143,94,No,0
HUC-0538,75,Female,LGA 1,Secondary,Non-smoker,Low,15.7,45498,Yes,153,78,No,0
HUC-0539,35,Male,LGA 3,Secondary,Smoker,High,26.7,104849,No,136,66,No,0
HUC-0540,47,Female,LGA 3,Secondary,Non-smoker,Low,27.5,47727,No,143,77,Yes,0
HUC-0541,48,Female,LGA 4,Secondary,Smoker,Low,24.9,56605,Yes,139,72,No,0
HUC-0542,52,Male,LGA 5,Secondary,Non-smoker,Moderate,21.3,95217,Yes,152,91,No,0
HUC-0543,53,Female,LGA 3,Tertiary,Non-smoker,Low,25.5,218698,No,149,86,Yes,0
HUC-0544,49,Female,LGA 3,Secondary,Non-smoker,Moderate,25.8,47912,No,137,84,Yes,0
HUC-0545,26,Female,LGA 4,Tertiary,Smoker,High,24.7,101706,No,137,81,No,0
HUC-0546,37,Male,LGA 3,Secondary,Non-smoker,Low,24.2,34989,No,140,74,Yes,0
HUC-0547,43,Female,LGA 3,Secondary,Non-smoker,Low,25.4,94653,No,138,65,No,0
HUC-0548,36,Female,LGA 5,Secondary,Non-smoker,Moderate,19,43039,No,132,70,No,0
HUC-0549,46,Female,LGA 5,Primary,Non-smoker,Moderate,32.2,105511,Yes,129,66,No,1
HUC-0550,32,Male,LGA 1,None,Non-smoker,Moderate,29.5,89830,No,126,91,No,0
HUC-0551,54,Female,LGA 3,Primary,Non-smoker,Low,23.8,115596,No,147,89,No,0
HUC-0552,45,Female,LGA 5,Secondary,Non-smoker,High,23.5,49453,No,143,81,No,0
HUC-0553,49,Female,LGA 4,None,Non-smoker,Moderate,25.7,53372,Yes,134,92,No,0
HUC-0554,39,Female,LGA 4,Primary,Non-smoker,Low,26.8,44128,No,137,84,No,0
HUC-0555,33,Female,LGA 4,Secondary,Non-smoker,High,26.5,35665,No,121,93,Yes,0
HUC-0556,61,Female,LGA 4,Secondary,Non-smoker,Low,21.1,32835,No,153,73,No,0
HUC-0557,31,Female,LGA 2,Secondary,Non-smoker,High,29.5,31847,No,121,66,No,0
HUC-0558,32,Male,LGA 6,Secondary,Non-smoker,High,28.8,111252,No,145,72,No,0
HUC-0559,33,Female,LGA 3,Primary,Non-smoker,Moderate,25.6,22453,No,144,71,Yes,0
HUC-0560,66,Male,LGA 1,Tertiary,Non-smoker,Low,26.3,33797,No,162,68,No,0
HUC-0561,41,Female,LGA 6,Secondary,Smoker,Low,25.7,48719,No,125,96,No,0
HUC-0562,56,Female,LGA 4,Primary,Non-smoker,Moderate,27.1,94799,No,141,78,Yes,0
HUC-0563,29,Male,LGA 2,Primary,Smoker,Moderate,25.3,20065,No,156,66,No,0
HUC-0564,36,Male,LGA 1,Secondary,Non-smoker,Low,31.8,99693,No,134,73,No,0
HUC-0565,40,Female,LGA 4,Secondary,Non-smoker,High,19.1,53382,No,111,73,No,0
HUC-0566,51,Female,LGA 5,Secondary,Non-smoker,Low,29.2,71072,Yes,139,85,No,1
HUC-0567,38,Female,LGA 2,Primary,Non-smoker,Moderate,28.5,41851,No,132,67,No,0
HUC-0568,51,Female,LGA 5,Primary,Non-smoker,Moderate,23.3,49443,No,143,67,Yes,0
HUC-0569,43,Male,LGA 2,Tertiary,Smoker,Low,21.9,85479,No,150,90,Yes,0
HUC-0570,44,Male,LGA 2,None,Non-smoker,Low,26,72255,No,121,93,Yes,0
HUC-0571,70,Male,LGA 3,Primary,Non-smoker,Low,27.6,46857,No,161,87,Yes,0
HUC-0572,33,Female,LGA 5,Tertiary,Non-smoker,Moderate,30.6,26885,No,138,84,No,0
HUC-0573,55,Female,LGA 3,Primary,Non-smoker,Moderate,25.1,104814,Yes,144,84,No,0
HUC-0574,56,Male,LGA 6,Secondary,Smoker,Low,29,70653,Yes,154,82,No,1
HUC-0575,64,Male,LGA 6,Primary,Non-smoker,Moderate,19.8,15482,No,159,91,No,0
HUC-0576,46,Male,LGA 4,None,Non-smoker,Low,21.5,20771,No,148,83,No,0
HUC-0577,45,Female,LGA 6,Secondary,Non-smoker,Moderate,23.3,36059,Yes,135,89,No,1
HUC-0578,44,Male,LGA 3,Tertiary,Non-smoker,Low,24.9,58917,No,143,82,No,0
HUC-0579,51,Male,LGA 6,Secondary,Non-smoker,Moderate,25.6,21190,No,141,76,No,0
HUC-0580,50,Female,LGA 5,Tertiary,Smoker,Low,23.2,66476,No,157,76,Yes,0
HUC-0581,38,Male,LGA 1,Primary,Non-smoker,Moderate,27.7,66037,No,143,85,Yes,0
HUC-0582,54,Male,LGA 2,Tertiary,Non-smoker,Moderate,31.7,100766,Yes,144,82,Yes,0
HUC-0583,50,Female,LGA 6,Secondary,Smoker,Moderate,22.8,83980,No,159,75,No,0
HUC-0584,51,Female,LGA 3,Tertiary,Non-smoker,Low,23.8,74916,No,147,85,No,0
HUC-0585,79,Male,LGA 5,Secondary,Non-smoker,High,17.4,72225,No,157,88,No,0
HUC-0586,46,Male,LGA 6,Secondary,Smoker,High,24.3,149395,No,149,82,No,0
HUC-0587,35,Female,LGA 1,Primary,Non-smoker,Low,28.7,81038,Yes,128,69,No,0
HUC-0588,47,Male,LGA 1,Primary,Smoker,Low,23.1,77723,No,144,77,No,0
HUC-0589,39,Female,LGA 2,Secondary,Smoker,Low,19.6,20175,No,136,74,Yes,0
HUC-0590,32,Female,LGA 6,Tertiary,Non-smoker,Moderate,20.1,88881,No,145,67,No,0
HUC-0591,37,Male,LGA 3,Primary,Non-smoker,Low,28.8,47725,No,141,76,No,0
HUC-0592,43,Male,LGA 5,Secondary,Smoker,High,31.1,42824,No,153,62,Yes,0
HUC-0593,55,Female,LGA 2,Secondary,Smoker,Moderate,22.4,34618,No,152,85,No,0
HUC-0594,47,Female,LGA 6,Secondary,Non-smoker,Low,29.8,71992,No,132,80,Yes,0
HUC-0595,31,Male,LGA 1,Primary,Non-smoker,Low,22.9,178099,No,136,67,No,0
HUC-0596,40,Male,LGA 4,Primary,Non-smoker,Low,21.8,101672,No,124,85,No,0
HUC-0597,22,Female,LGA 1,Tertiary,Non-smoker,High,30.9,54055,No,120,73,No,0
HUC-0598,39,Female,LGA 2,Primary,Smoker,Moderate,31.9,91161,No,144,81,No,0
HUC-0599,25,Male,LGA 4,Secondary,Non-smoker,Moderate,25.2,71781,No,117,83,No,0
HUC-0600,24,Female,LGA 6,Secondary,Non-smoker,Moderate,19.9,73814,Yes,116,78,No,0
HUC-0601,55,Female,LGA 4,Tertiary,Non-smoker,Moderate,26.7,27695,No,156,71,Yes,0
HUC-0602,40,Female,LGA 4,Primary,Non-smoker,Moderate,20.1,50180,No,127,74,No,0
HUC-0603,42,Female,LGA 2,Primary,Non-smoker,High,27,108645,No,133,84,Yes,0
HUC-0604,49,Male,LGA 5,Tertiary,Non-smoker,Low,31.4,204938,Yes,129,80,No,1
HUC-0605,36,Female,LGA 5,Secondary,Non-smoker,Moderate,25.1,34422,No,135,91,Yes,0
HUC-0606,39,Female,LGA 6,Primary,Non-smoker,Moderate,25.4,66990,Yes,141,65,Yes,0
HUC-0607,35,Female,LGA 1,Secondary,Non-smoker,Low,17.4,58028,No,131,70,No,0
HUC-0608,37,Male,LGA 6,Secondary,Non-smoker,Moderate,23.4,135386,No,134,61,No,0
HUC-0609,28,Female,LGA 2,Secondary,Non-smoker,High,32.5,54001,No,136,92,No,0
HUC-0610,52,Male,LGA 3,Primary,Non-smoker,Low,19.6,44126,No,143,68,No,0
HUC-0611,50,Female,LGA 1,Secondary,Non-smoker,Low,27.5,47884,No,133,80,Yes,0
HUC-0612,32,Male,LGA 5,Primary,Non-smoker,High,22.2,13440,Yes,113,71,No,1
HUC-0613,65,Male,LGA 1,Secondary,Non-smoker,Moderate,21.4,131571,No,148,84,Yes,0
HUC-0614,39,Male,LGA 3,Primary,Smoker,Moderate,32.6,138077,No,164,74,Yes,0
HUC-0615,38,Male,LGA 1,Secondary,Non-smoker,Moderate,16.4,36860,No,138,69,No,0
HUC-0616,23,Female,LGA 3,Primary,Smoker,Moderate,33.5,109807,No,136,60,No,0
HUC-0617,42,Male,LGA 3,Tertiary,Non-smoker,Moderate,20.2,103743,No,120,76,No,0
HUC-0618,30,Male,LGA 2,Primary,Non-smoker,High,19.4,23467,No,117,78,No,0
HUC-0619,47,Female,LGA 1,Secondary,Non-smoker,Moderate,27.3,17254,No,139,88,No,0
HUC-0620,45,Female,LGA 1,Tertiary,Non-smoker,Moderate,26.6,82410,No,146,79,No,0
HUC-0621,53,Female,LGA 5,Secondary,Non-smoker,High,21.9,24816,No,141,88,No,0
HUC-0622,33,Female,LGA 1,Secondary,Smoker,Moderate,20.2,82306,No,136,76,No,0
HUC-0623,20,Male,LGA 6,Tertiary,Non-smoker,Moderate,21.5,34649,No,120,83,No,0
HUC-0624,47,Female,LGA 1,Secondary,Smoker,Low,31,27756,No,143,84,Yes,0
HUC-0625,48,Male,LGA 3,Secondary,Non-smoker,Moderate,25.3,133322,No,140,86,No,0
HUC-0626,59,Female,LGA 5,Tertiary,Non-smoker,Moderate,32.4,69814,Yes,152,91,Yes,0
HUC-0627,40,Female,LGA 3,Secondary,Non-smoker,Low,29.1,46140,No,138,68,No,0
HUC-0628,48,Female,LGA 6,Tertiary,Non-smoker,Moderate,28.1,44013,No,138,76,Yes,0
HUC-0629,48,Female,LGA 5,Primary,Smoker,Moderate,30.9,72601,No,143,87,No,0
HUC-0630,36,Male,LGA 6,Primary,Non-smoker,Moderate,23.1,84243,No,138,81,Yes,0
HUC-0631,22,Male,LGA 6,Secondary,Non-smoker,Moderate,29.2,101610,No,131,81,No,0
HUC-0632,33,Male,LGA 5,Secondary,Non-smoker,Moderate,29.6,80927,Yes,117,80,No,0
HUC-0633,44,Female,LGA 5,Primary,Smoker,Low,22.9,23988,No,154,75,No,0
HUC-0634,44,Male,LGA 2,Primary,Non-smoker,Moderate,36.1,24088,Yes,132,93,No,1
HUC-0635,24,Female,LGA 5,Secondary,Non-smoker,Moderate,29.3,36808,Yes,112,95,Yes,0
HUC-0636,41,Male,LGA 6,Secondary,Non-smoker,Moderate,27,155965,No,119,84,No,0
HUC-0637,27,Male,LGA 1,Secondary,Non-smoker,Moderate,27.8,85761,No,149,66,No,0
HUC-0638,52,Male,LGA 2,Primary,Smoker,Low,26.9,112213,Yes,145,91,Yes,1
HUC-0639,43,Male,LGA 6,Tertiary,Non-smoker,Moderate,32.5,60980,No,152,94,No,0
HUC-0640,36,Female,LGA 1,Secondary,Non-smoker,Moderate,24.1,105299,No,132,81,Yes,0
HUC-0641,50,Female,LGA 1,Primary,Non-smoker,Moderate,29,32221,No,149,94,No,0
HUC-0642,31,Male,LGA 4,Tertiary,Non-smoker,Moderate,21.9,63906,No,134,83,No,0
HUC-0643,57,Male,LGA 1,Tertiary,Non-smoker,Low,15.9,135054,No,127,76,No,0
HUC-0644,32,Male,LGA 1,Tertiary,Non-smoker,High,20.4,29084,No,114,76,No,0
HUC-0645,19,Female,LGA 5,Secondary,Non-smoker,Moderate,32,155497,No,136,80,No,0
HUC-0646,30,Male,LGA 6,Secondary,Non-smoker,Moderate,30.8,70738,No,129,69,No,0
HUC-0647,37,Female,LGA 3,Secondary,Non-smoker,Low,24.9,104745,No,120,64,Yes,0
HUC-0648,40,Male,LGA 3,Primary,Non-smoker,High,27.3,51579,No,143,76,Yes,0
HUC-0649,32,Male,LGA 3,Primary,Non-smoker,Moderate,19.1,85778,No,123,71,No,0
HUC-0650,37,Male,LGA 5,Secondary,Non-smoker,High,25.9,70844,Yes,154,74,Yes,0
HUC-0651,46,Female,LGA 2,Tertiary,Non-smoker,Moderate,26.5,38513,No,156,82,Yes,0
HUC-0652,45,Female,LGA 2,Secondary,Non-smoker,High,22.2,39988,Yes,139,81,No,1
HUC-0653,43,Male,LGA 5,Secondary,Smoker,High,26.9,63346,No,142,76,Yes,0
HUC-0654,30,Female,LGA 4,Primary,Non-smoker,Moderate,23.7,87556,No,138,79,No,0
HUC-0655,45,Male,LGA 1,Secondary,Non-smoker,Moderate,25.3,113086,No,143,81,Yes,0
HUC-0656,60,Male,LGA 2,None,Non-smoker,High,22.8,61607,No,146,81,Yes,0
HUC-0657,31,Male,LGA 3,Tertiary,Non-smoker,High,26.5,55579,No,145,83,No,0
HUC-0658,67,Female,LGA 3,Tertiary,Non-smoker,High,30.7,58090,Yes,147,99,Yes,0
HUC-0659,53,Female,LGA 4,Tertiary,Non-smoker,Moderate,28.6,64344,No,147,76,Yes,0
HUC-0660,26,Female,LGA 5,Secondary,Smoker,Moderate,24.3,61780,No,119,65,No,0
HUC-0661,30,Male,LGA 3,Primary,Non-smoker,Low,27.4,66809,No,126,82,No,0
HUC-0662,38,Female,LGA 4,Primary,Non-smoker,Moderate,23.8,67625,No,138,73,Yes,0
HUC-0663,42,Male,LGA 6,Primary,Non-smoker,Low,18.2,57392,No,142,77,No,0
HUC-0664,30,Male,LGA 2,Secondary,Non-smoker,Moderate,17.7,28399,No,125,72,No,0
HUC-0665,34,Male,LGA 1,Tertiary,Smoker,Low,19.3,60974,No,135,84,No,0
HUC-0666,47,Female,LGA 2,Tertiary,Non-smoker,Low,28.2,69129,No,137,73,No,0
HUC-0667,46,Female,LGA 4,None,Non-smoker,Low,31.8,162233,No,146,92,Yes,0
HUC-0668,32,Male,LGA 2,Primary,Non-smoker,High,25.6,57328,No,135,89,No,0
HUC-0669,36,Female,LGA 6,Primary,Non-smoker,Moderate,22.6,36581,Yes,137,77,No,1
HUC-0670,30,Male,LGA 6,Tertiary,Non-smoker,Low,30.2,15099,No,126,73,No,0
HUC-0671,18,Female,LGA 6,Tertiary,Non-smoker,Low,27.5,59286,No,122,84,No,0
HUC-0672,34,Female,LGA 3,Secondary,Smoker,High,33.8,14276,No,161,88,No,0
HUC-0673,34,Male,LGA 5,Primary,Non-smoker,Moderate,28.3,33217,No,127,75,No,0
HUC-0674,41,Female,LGA 6,Primary,Non-smoker,Low,28.9,18326,No,135,80,No,0
HUC-0675,29,Male,LGA 3,Tertiary,Non-smoker,High,31,49620,No,144,80,No,0
HUC-0676,48,Female,LGA 4,Primary,Smoker,Low,30,103827,No,142,76,No,0
HUC-0677,24,Female,LGA 2,Tertiary,Non-smoker,High,21.5,96868,No,129,66,No,0
HUC-0678,63,Female,LGA 5,Primary,Non-smoker,High,31.6,33375,No,164,87,No,0
HUC-0679,27,Female,LGA 6,Primary,Non-smoker,Low,25.3,72187,No,121,77,No,0
HUC-0680,48,Male,LGA 1,Tertiary,Non-smoker,Low,31.1,39054,No,149,60,No,0
HUC-0681,67,Female,LGA 5,Primary,Non-smoker,Moderate,28.8,90646,No,157,83,No,0
HUC-0682,33,Female,LGA 1,Primary,Non-smoker,Low,24.9,45011,No,124,72,No,0
HUC-0683,37,Male,LGA 6,Tertiary,Smoker,Moderate,27.6,85132,No,135,78,No,0
HUC-0684,33,Male,LGA 3,Tertiary,Non-smoker,Low,25.2,34987,No,124,70,No,0
HUC-0685,43,Female,LGA 2,None,Non-smoker,Moderate,31.4,65585,No,153,73,No,0
HUC-0686,49,Female,LGA 1,Primary,Non-smoker,Moderate,23.3,35815,No,124,78,No,0
HUC-0687,22,Female,LGA 5,Tertiary,Non-smoker,High,29.4,45523,No,132,69,Yes,0
HUC-0688,29,Male,LGA 5,Secondary,Non-smoker,Low,15.6,104087,No,126,73,No,0
HUC-0689,24,Female,LGA 5,Secondary,Non-smoker,Moderate,22.4,144798,No,121,69,No,0
HUC-0690,48,Male,LGA 5,Secondary,Non-smoker,Low,24.8,62920,No,142,72,No,0
HUC-0691,47,Male,LGA 4,Secondary,Non-smoker,Low,20.2,86441,Yes,139,68,No,0
HUC-0692,33,Male,LGA 4,Tertiary,Non-smoker,Moderate,32,95073,No,139,77,Yes,0
HUC-0693,29,Male,LGA 5,None,Non-smoker,Moderate,23.2,38893,No,134,73,No,0
HUC-0694,21,Female,LGA 2,Tertiary,Non-smoker,Low,18.1,27270,No,134,71,No,0
HUC-0695,51,Female,LGA 6,Tertiary,Smoker,Moderate,22.8,76451,Yes,149,87,No,0
HUC-0696,32,Male,LGA 2,Secondary,Non-smoker,Moderate,30.5,62434,No,145,69,No,0
HUC-0697,51,Female,LGA 1,Secondary,Smoker,Moderate,17.8,63543,No,163,83,No,0
HUC-0698,68,Female,LGA 6,Secondary,Non-smoker,Moderate,23.5,49968,No,160,84,No,0
HUC-0699,59,Male,LGA 4,Primary,Non-smoker,Low,28.5,24842,Yes,138,90,No,1
HUC-0700,31,Male,LGA 2,Primary,Non-smoker,Moderate,19.9,143543,No,136,69,No,0
HUC-0701,57,Female,LGA 1,Primary,Smoker,Moderate,27.2,49721,No,145,87,No,0
HUC-0702,33,Female,LGA 1,None,Smoker,Low,27.3,104989,No,130,78,No,0
HUC-0703,46,Female,LGA 2,None,Non-smoker,Low,27.6,38779,No,130,91,No,0
HUC-0704,44,Female,LGA 1,Tertiary,Non-smoker,Moderate,31.9,84460,No,133,85,No,0
HUC-0705,49,Male,LGA 1,Secondary,Smoker,Moderate,24.2,51428,No,140,79,No,0
HUC-0706,42,Male,LGA 2,Secondary,Non-smoker,Low,24.1,90567,Yes,158,86,No,1
HUC-0707,46,Male,LGA 3,Secondary,Non-smoker,Moderate,22.7,95757,No,133,89,No,0
HUC-0708,50,Male,LGA 5,Primary,Non-smoker,Moderate,32,74364,Yes,123,90,No,0
HUC-0709,18,Male,LGA 3,None,Smoker,High,22.8,44712,No,122,77,Yes,0
HUC-0710,38,Male,LGA 5,Secondary,Non-smoker,Moderate,29.5,48281,Yes,128,75,No,1
HUC-0711,47,Male,LGA 2,Secondary,Non-smoker,Low,27.2,48184,No,156,80,Yes,0
HUC-0712,45,Male,LGA 2,Tertiary,Smoker,Low,26.5,45687,No,145,71,No,0
HUC-0713,44,Female,LGA 1,Secondary,Smoker,Low,36.1,55524,Yes,145,82,Yes,1
HUC-0714,64,Female,LGA 6,Tertiary,Non-smoker,Low,28.1,57216,No,149,92,Yes,0
HUC-0715,40,Male,LGA 2,Secondary,Non-smoker,Low,23.8,88104,No,149,76,No,0
HUC-0716,43,Male,LGA 6,Secondary,Non-smoker,High,17.9,67653,No,135,72,No,0
HUC-0717,40,Male,LGA 2,Secondary,Smoker,Low,25.4,41691,No,148,85,Yes,0
HUC-0718,73,Female,LGA 1,None,Non-smoker,Low,36,81947,No,159,93,Yes,0
HUC-0719,34,Male,LGA 3,Secondary,Smoker,High,17.7,81152,No,139,79,No,0
HUC-0720,56,Male,LGA 3,None,Non-smoker,Low,32.4,49090,No,160,84,Yes,0
HUC-0721,57,Female,LGA 1,Tertiary,Smoker,Low,29.4,73121,No,154,95,No,0
HUC-0722,32,Male,LGA 6,None,Smoker,Low,20.8,60469,No,134,72,No,0
HUC-0723,58,Female,LGA 1,Secondary,Smoker,Moderate,27.9,52757,Yes,153,92,Yes,0
HUC-0724,50,Male,LGA 4,Secondary,Non-smoker,Low,39.1,46451,Yes,148,80,No,1
HUC-0725,55,Female,LGA 4,Tertiary,Non-smoker,High,27.9,33080,Yes,149,85,Yes,0
HUC-0726,19,Female,LGA 1,Tertiary,Non-smoker,Moderate,35.7,47785,Yes,130,83,Yes,0
HUC-0727,32,Male,LGA 2,Secondary,Non-smoker,Moderate,19.7,41804,No,133,74,No,0
HUC-0728,37,Male,LGA 6,Secondary,Smoker,Low,25.1,37802,No,133,89,No,0
HUC-0729,44,Female,LGA 1,Primary,Non-smoker,Low,24.6,59573,No,129,66,No,0
HUC-0730,41,Female,LGA 1,Tertiary,Non-smoker,Low,30.6,60752,No,154,71,No,0
HUC-0731,40,Male,LGA 3,Secondary,Smoker,Moderate,24.1,95300,No,145,80,No,0
HUC-0732,50,Male,LGA 3,Tertiary,Smoker,Moderate,32.2,64340,No,162,79,No,0
HUC-0733,54,Female,LGA 2,Tertiary,Non-smoker,Moderate,23.4,92612,No,165,68,No,0
HUC-0734,64,Male,LGA 5,Secondary,Non-smoker,High,25.7,44214,Yes,168,85,Yes,1
HUC-0735,50,Male,LGA 6,None,Non-smoker,Moderate,30.6,20019,No,151,86,No,0
HUC-0736,27,Female,LGA 5,Primary,Non-smoker,Moderate,33,99160,No,140,71,No,0
HUC-0737,24,Female,LGA 5,Primary,Non-smoker,Moderate,25.6,19957,Yes,124,81,No,1
HUC-0738,59,Female,LGA 1,Secondary,Non-smoker,Moderate,18.8,109119,Yes,137,86,No,0
HUC-0739,37,Male,LGA 4,Tertiary,Non-smoker,Moderate,22.2,48364,No,128,93,No,0
HUC-0740,47,Male,LGA 6,Tertiary,Non-smoker,Low,27.8,123818,No,140,81,No,0
HUC-0741,47,Male,LGA 4,Primary,Non-smoker,Moderate,23.7,85860,No,136,78,No,0
HUC-0742,51,Male,LGA 1,Secondary,Non-smoker,Moderate,34.3,32622,No,139,80,Yes,0
